sample_id,rs12913832,rs1800407,rs12896399,rs16891982,rs1393350,rs12203592,rs1426654,rs1800414,rs6058017,rs1805007,rs1805008,rs1110400,rs885479,rs1408799,rs12821256,rs4648379,rs7559271,rs2045323,rs6420484,rs11161700,rs3827760,rs7590268,rs1229984,rs6740960,rs1852985,rs12480977,rs11655860,rs6431222,rs1493906,rs9919054,rs6548238,rs974448,rs2155219,rs1667394,rs1129038,rs1470608,rs1042602,rs11654749,rs6730970,rs1896488,rs8001641,rs11803731,rs17646946,rs260690,rs1540771,rs2180439,rs12203592_f,rs1805007_f,rs1042602_t,rs1800401,rs10490642,rs11130234
SYNTH_000052,0,0,1,1,0,0,0,2,1,1,0,1,2,0,1,2,2,2,1,1,1,0,1,0,1,0,0,1,2,1,1,2,2,1,1,1,1,1,0,0,1,0,1,0,1,0,1,2,1,1,0,1
SYNTH_000270,0,0,1,0,0,2,1,1,1,1,1,0,1,0,1,0,0,1,0,1,2,1,2,1,2,0,0,1,0,0,0,0,2,1,0,0,0,1,0,0,0,2,0,2,2,1,1,0,0,0,1,1
SYNTH_000601,0,0,2,0,1,0,0,0,1,1,0,0,0,1,1,1,0,0,1,0,1,2,1,2,2,2,1,1,1,0,1,2,1,0,0,1,1,1,0,0,1,1,2,2,2,2,0,1,1,0,1,0
SYNTH_001977,0,1,1,2,0,1,1,1,2,1,1,1,2,0,0,0,0,0,1,2,1,0,1,2,2,0,1,1,1,1,0,2,1,0,1,1,0,1,0,0,0,1,0,0,0,1,0,0,1,1,0,1
SYNTH_002246,1,1,2,2,1,0,1,2,1,1,1,0,1,1,2,0,1,1,0,0,1,1,0,1,0,0,1,0,0,0,1,0,1,0,0,0,0,1,0,0,1,2,1,1,1,1,0,1,1,1,0,0
SYNTH_002441,1,0,2,0,1,0,0,0,1,1,1,1,1,2,1,0,2,2,0,1,2,2,0,0,2,0,1,1,0,0,0,1,0,1,0,0,0,1,2,1,1,1,0,1,0,1,0,1,1,1,1,0
SYNTH_002551,0,1,0,0,0,1,0,2,1,0,0,1,0,0,1,1,0,2,1,1,0,1,0,2,0,0,1,0,0,1,0,1,2,1,0,1,1,1,0,1,1,1,2,1,2,1,2,2,2,0,1,2
SYNTH_002967,0,1,2,1,0,1,0,2,0,0,1,1,0,0,0,0,0,0,0,2,2,0,0,0,0,0,1,1,1,2,1,1,1,0,0,1,0,1,0,0,0,2,1,2,2,1,2,0,1,0,0,1
SYNTH_003286,1,0,2,1,0,0,0,1,0,1,0,1,1,0,1,1,0,2,0,2,0,2,2,1,2,0,0,1,2,1,2,1,0,0,1,1,0,0,0,0,2,1,0,1,1,2,0,1,2,1,0,1
SYNTH_003880,0,2,0,0,1,1,1,0,2,0,1,0,1,0,1,0,1,0,0,1,0,0,1,0,1,1,2,1,0,0,1,1,1,0,0,1,2,1,0,0,0,1,0,0,1,1,2,0,1,2,0,1
