sample_id,rs1042602,rs1042602_t,rs10490642,rs1110400,rs11130234,rs11161700,rs1129038,rs11654749,rs11655860,rs11803731,rs12203592,rs12203592_f,rs1229984,rs12480977,rs12821256,rs12896399,rs12913832,rs1393350,rs1408799,rs1426654,rs1470608,rs1493906,rs1540771,rs1667394,rs16891982,rs17646946,rs1800401,rs1800407,rs1800414,rs1805007,rs1805007_f,rs1805008,rs1852985,rs1896488,rs2045323,rs2155219,rs2180439,rs260690,rs3827760,rs4648379,rs6058017,rs6420484,rs6431222,rs6548238,rs6730970,rs6740960,rs7559271,rs7590268,rs8001641,rs885479,rs974448,rs9919054,sex,eye_color,hair_color,skin_tone,face_width,face_height,jaw_shape,chin_prominence,cheekbone_height,nose_size,nose_width,nose_bridge_width,nose_bridge_height,nostril_width,eye_distance,eye_size,eye_shape,eyebrow_thickness,eyebrow_arch,lip_thickness,mouth_width,philtrum_depth,hair_texture,hair_thickness,hairline_shape,freckling,tanning_ability,ear_size,earlobe_attachment,overall_confidence,positive_prompt,negative_prompt
SYNTH_000052,1,1,0,1,1,1,1,1,0,0,0,1,1,0,1,1,0,0,0,0,1,2,1,1,1,1,1,0,2,1,2,0,1,0,2,2,0,0,1,2,1,1,1,1,0,0,2,0,1,2,2,1,female,blue,brown,very_light,narrow,short,oval,medium,high,medium,wide,wide,high,narrow,normal,small,round,medium,slight,full,wide,medium,straight,thick,widow_peak,none,tans_gradually,large,attached,0.8447009705853538,"professional portrait photograph, high quality, photorealistic, adult woman, bright blue eyes, brown hair, very fair skin, narrow face, short face, high cheekbones, oval face, wide nose, wide nose bridge, high nose bridge, narrow nostrils, small eyes, round eyes, full lips, wide mouth, straight hair, thick hair, widow's peak hairline, large ears, attached earlobes, neutral expression, centered face, soft lighting, plain background","cartoon, anime, illustration, painting, 3d render, drawing, low quality, blurry, deformed, disfigured, bad anatomy, extra limbs, extra fingers, text, watermark, signature, distorted face, multiple people"
SYNTH_000270,0,0,1,0,1,1,0,1,0,2,2,1,2,0,1,1,0,0,0,1,0,0,2,1,0,0,0,0,1,1,0,1,2,0,1,2,1,2,2,0,1,0,1,0,0,1,0,1,0,1,0,0,female,blue,brown,light,wide,medium,square,medium,medium,small,medium,wide,high,wide,wide,small,almond,medium,high,full,wide,deep,curly,fine,rounded,extensive,never_burns,medium,attached,0.8535440455568646,"professional portrait photograph, high quality, photorealistic, adult woman, bright blue eyes, brown hair, fair skin, wide face, square jawline, small nose, wide nose bridge, high nose bridge, wide nostrils, wide-set eyes, small eyes, almond-shaped eyes, high-arched eyebrows, full lips, wide mouth, deep philtrum, curly hair, fine hair, freckles, attached earlobes, neutral expression, centered face, soft lighting, plain background","cartoon, anime, illustration, painting, 3d render, drawing, low quality, blurry, deformed, disfigured, bad anatomy, extra limbs, extra fingers, text, watermark, signature, distorted face, multiple people"
SYNTH_000601,1,1,1,0,0,0,0,1,1,1,0,0,1,2,1,2,0,1,1,0,1,1,2,0,0,2,0,0,0,1,1,0,2,0,0,1,2,2,1,1,1,1,1,1,0,2,0,2,1,0,2,0,male,blue,black,very_light,wide,long,oval,prominent,low,medium,narrow,narrow,medium,medium,normal,medium,round,thick,slight,full,wide,medium,wavy,fine,straight,some,tans_gradually,medium,free,0.8647552312103033,"professional portrait photograph, high quality, photorealistic, adult man, bright blue eyes, black hair, very fair skin, wide face, long face, oval face, prominent chin, narrow nose, narrow nose bridge, round eyes, thick eyebrows, full lips, wide mouth, wavy hair, fine hair, straight hairline, light freckles, free earlobes, neutral expression, centered face, soft lighting, plain background","cartoon, anime, illustration, painting, 3d render, drawing, low quality, blurry, deformed, disfigured, bad anatomy, extra limbs, extra fingers, text, watermark, signature, distorted face, multiple people"
SYNTH_001977,0,1,0,1,1,2,1,1,1,1,1,0,1,0,0,1,0,0,0,1,1,1,0,0,2,0,1,1,1,1,0,1,2,0,0,1,1,0,1,0,2,1,1,0,0,2,0,0,0,2,2,1,female,blue,blonde,light,wide,long,oval,receding,high,medium,narrow,wide,medium,medium,wide,medium,almond,thick,slight,full,wide,deep,wavy,thick,rounded,extensive,tans_gradually,large,attached,0.8969499350369557,"professional portrait photograph, high quality, photorealistic, adult woman, bright blue eyes, blonde hair, fair skin, wide face, long face, high cheekbones, oval face, receding chin, narrow nose, wide nose bridge, wide-set eyes, almond-shaped eyes, thick eyebrows, full lips, wide mouth, deep philtrum, wavy hair, thick hair, freckles, large ears, attached earlobes, neutral expression, centered face, soft lighting, plain background","cartoon, anime, illustration, painting, 3d render, drawing, low quality, blurry, deformed, disfigured, bad anatomy, extra limbs, extra fingers, text, watermark, signature, distorted face, multiple people"
SYNTH_002246,0,1,0,0,0,0,0,1,1,2,0,0,0,0,2,2,1,1,1,1,0,0,1,0,2,1,1,1,2,1,1,1,0,0,1,1,1,1,1,0,1,0,0,1,0,1,1,1,1,1,0,0,male,green,brown,light,medium,medium,square,prominent,medium,large,medium,wide,medium,wide,normal,medium,almond,thick,high,full,wide,medium,curly,medium,rounded,some,tans_gradually,large,free,0.8563392357673142,"professional portrait photograph, high quality, photorealistic, adult man, green eyes, brown hair, fair skin, square jawline, prominent chin, prominent nose, wide nose bridge, wide nostrils, almond-shaped eyes, thick eyebrows, high-arched eyebrows, full lips, wide mouth, curly hair, light freckles, large ears, free earlobes, neutral expression, centered face, soft lighting, plain background","cartoon, anime, illustration, painting, 3d render, drawing, low quality, blurry, deformed, disfigured, bad anatomy, extra limbs, extra fingers, text, watermark, signature, distorted face, multiple people"
SYNTH_002441,0,1,1,1,0,1,0,1,1,1,0,0,0,0,1,2,1,1,2,0,0,0,0,1,0,0,1,0,0,1,1,1,2,1,2,0,1,1,2,0,1,0,1,0,2,0,2,2,1,1,1,0,male,green,brown,very_light,narrow,short,square,medium,low,large,wide,wide,medium,wide,wide,large,almond,medium,high,full,medium,medium,wavy,medium,rounded,some,tans_gradually,medium,free,0.8274500955445119,"professional portrait photograph, high quality, photorealistic, adult man, green eyes, brown hair, very fair skin, narrow face, short face, square jawline, prominent nose, wide nose, wide nose bridge, wide nostrils, wide-set eyes, large eyes, almond-shaped eyes, high-arched eyebrows, full lips, wavy hair, light freckles, free earlobes, neutral expression, centered face, soft lighting, plain background","cartoon, anime, illustration, painting, 3d render, drawing, low quality, blurry, deformed, disfigured, bad anatomy, extra limbs, extra fingers, text, watermark, signature, distorted face, multiple people"
SYNTH_002551,1,2,1,1,2,1,0,1,1,1,1,2,0,0,1,0,0,0,0,0,1,0,2,1,0,2,0,1,2,0,2,0,0,1,2,2,1,1,0,1,1,1,0,0,0,2,0,1,1,0,1,1,female,blue,brown,very_light,wide,short,oval,medium,medium,large,narrow,wide,medium,wide,wide,small,round,medium,slight,full,medium,medium,wavy,medium,rounded,none,burns_easily,medium,attached,0.805044576744318,"professional portrait photograph, high quality, photorealistic, adult woman, bright blue eyes, brown hair, very fair skin, wide face, short face, oval face, prominent nose, narrow nose, wide nose bridge, wide nostrils, wide-set eyes, small eyes, round eyes, full lips, wavy hair, sun-sensitive skin, attached earlobes, neutral expression, centered face, soft lighting, plain background","cartoon, anime, illustration, painting, 3d render, drawing, low quality, blurry, deformed, disfigured, bad anatomy, extra limbs, extra fingers, text, watermark, signature, distorted face, multiple people"
SYNTH_002967,0,1,0,1,1,2,0,1,1,2,1,2,0,0,0,2,0,0,0,0,1,1,2,0,1,1,0,1,2,0,0,1,0,0,0,1,1,2,2,0,0,0,1,1,0,0,0,0,0,0,1,2,male,blue,brown,very_light,wide,long,square,receding,high,large,wide,wide,medium,medium,normal,medium,almond,thick,slight,full,wide,deep,curly,fine,rounded,extensive,tans_gradually,large,attached,0.904444618613237,"professional portrait photograph, high quality, photorealistic, adult man, bright blue eyes, brown hair, very fair skin, wide face, long face, high cheekbones, square jawline, receding chin, prominent nose, wide nose, wide nose bridge, almond-shaped eyes, thick eyebrows, full lips, wide mouth, deep philtrum, curly hair, fine hair, freckles, large ears, attached earlobes, neutral expression, centered face, soft lighting, plain background","cartoon, anime, illustration, painting, 3d render, drawing, low quality, blurry, deformed, disfigured, bad anatomy, extra limbs, extra fingers, text, watermark, signature, distorted face, multiple people"
SYNTH_003286,0,2,0,1,1,2,1,0,0,1,0,0,2,0,1,2,1,0,0,0,1,2,1,0,1,0,1,0,1,1,1,0,2,0,2,0,2,1,0,1,0,0,1,2,0,1,0,2,2,1,1,1,male,green,brown,very_light,wide,short,square,receding,low,small,medium,wide,high,narrow,close,large,almond,thick,slight,very_full,wide,shallow,wavy,medium,straight,some,burns_easily,large,attached,0.7974890955354409,"professional portrait photograph, high quality, photorealistic, adult man, green eyes, brown hair, very fair skin, wide face, short face, square jawline, receding chin, small nose, wide nose bridge, high nose bridge, narrow nostrils, close-set eyes, large eyes, almond-shaped eyes, thick eyebrows, full lips, wide mouth, shallow philtrum, wavy hair, straight hairline, light freckles, sun-sensitive skin, large ears, attached earlobes, neutral expression, centered face, soft lighting, plain background","cartoon, anime, illustration, painting, 3d render, drawing, low quality, blurry, deformed, disfigured, bad anatomy, extra limbs, extra fingers, text, watermark, signature, distorted face, multiple people"
SYNTH_003880,2,1,0,0,1,1,0,1,2,1,1,2,1,1,1,0,0,1,0,1,1,0,1,0,0,0,2,2,0,0,0,1,1,0,0,1,1,0,0,0,2,0,1,1,0,0,1,0,0,1,1,0,male,blue,brown,light,medium,long,square,medium,high,medium,wide,medium,flat,wide,normal,medium,hooded,thick,slight,full,wide,deep,wavy,thick,rounded,extensive,tans_gradually,large,attached,0.8572886951168722,"professional portrait photograph, high quality, photorealistic, adult man, bright blue eyes, brown hair, fair skin, long face, high cheekbones, square jawline, wide nose, flat nose bridge, wide nostrils, hooded eyes, thick eyebrows, full lips, wide mouth, deep philtrum, wavy hair, thick hair, freckles, large ears, attached earlobes, neutral expression, centered face, soft lighting, plain background","cartoon, anime, illustration, painting, 3d render, drawing, low quality, blurry, deformed, disfigured, bad anatomy, extra limbs, extra fingers, text, watermark, signature, distorted face, multiple people"
